"","degree_centralization","rt_tail","lt_tail"
"Size",0.534420289855073,0,1
"Edges",0.534420289855073,0,1
"Dyads",0.534420289855073,0,1
