community,modularity
fastgreedy,0.279289941
walktrap,0.248235539
label,0.4029724
edge,0.4029724
eigen,0.454025933
spin,0.049338559
